<?xml version="1.0" encoding="UTF-8"?>
<!DOCTYPE mapper PUBLIC "-//mybatis.org//DTD Mapper 3.0//EN" "http://mybatis.org/dtd/mybatis-3-mapper.dtd">
<mapper namespace="com.shanzhu.em.mapper.IconMapper">
    <resultMap id="IconCategoryMap" type="com.shanzhu.em.entity.Icon">
        <id property="id" column="id"></id>
        <result property="value" column="value"></result>
        <collection property="categories" column="id" select="selectCategories"></collection>
    </resultMap>
    <select id="selectCategories" resultType="com.shanzhu.em.entity.Category">
        SELECT category.* FROM icon_category LEFT JOIN category ON icon_category.category_id = category.id WHERE icon_category.icon_id = #{id}
    </select>

    <select id="getIconCategoryMapList" resultMap="IconCategoryMap">
        select * from icon
    </select>
</mapper>
